customer_id,demand,available_cars,weekend,customer_rating,base_price,final_price
C8175,115,21,0,3.1,2686,7098.714285714285
C6600,146,75,1,4.8,1508,2388.672
C8317,44,58,1,3.3,2507,3077.558620689655
C8183,122,56,1,3.1,2408,3981.7999999999997
C3155,129,41,0,3.8,1935,3761.451219512195
C6315,113,56,1,4.2,2473,3970.048214285714
C5505,38,36,1,4.8,1771,2331.8166666666666
C9516,15,57,0,4.1,1888,2037.0526315789475
C3011,92,42,0,4.8,2160,3579.428571428571
C9505,40,30,1,3.7,2072,2900.7999999999997
C9511,120,64,1,4.6,1539,2404.6875
C6525,46,77,1,3.5,2317,2732.254545454545
C8813,85,23,0,3.3,2843,5995.021739130435
C5324,110,46,0,4.7,2063,3542.9782608695655
C3262,139,33,1,4.2,1986,4495.581818181819
C2701,76,62,0,5.0,1911,2613.754838709677
C1613,94,54,1,3.9,1663,2531.4555555555553
C5229,68,25,1,4.6,1800,3268.8
C2486,45,31,0,3.7,2576,3697.8064516129034
C4787,102,44,1,4.5,1654,2804.281818181818
C8957,64,47,0,3.8,2231,3142.3872340425532
C6641,50,56,0,3.2,2297,2912.267857142857
C5102,29,39,1,3.1,2738,3348.784615384616
C7789,83,26,1,3.3,2838,5555.930769230769
C4115,114,71,1,3.4,2256,3342.692957746479
C4382,82,60,1,3.4,2376,3350.16
C7686,53,38,1,4.6,1505,2134.7236842105262
C8120,132,49,1,3.0,2057,3719.3918367346937
C7208,109,34,1,3.8,1693,3321.267647058824
C9030,17,37,0,3.9,1904,2166.443243243243
C2068,72,63,1,4.9,2323,3119.4571428571426
C4387,130,76,0,4.8,2224,3365.2631578947367
C4611,146,44,1,4.3,1976,3943.0181818181823
C6195,13,66,1,4.2,2947,3121.140909090909
C3136,127,33,1,3.8,2920,6291.272727272727
C4319,113,36,0,5.0,1994,3871.6833333333334
C7799,88,21,0,3.1,2306,5204.971428571428
C2707,49,76,1,3.9,2276,2716.2263157894736
C9931,103,40,1,4.4,2505,4440.1125
C3138,80,41,0,4.6,2993,4745.0
C8563,143,78,0,4.6,2071,3210.0499999999997
C6443,50,52,0,5.0,1994,2569.1923076923076
C5896,71,41,0,4.6,1675,2545.182926829268
C5367,34,77,1,4.5,1760,1993.142857142857
C1057,13,51,1,4.9,1777,1912.8882352941175
C7007,65,68,1,4.0,2087,2685.4779411764703
C1042,94,53,1,3.6,2331,3571.267924528302
C8624,26,76,0,4.2,1609,1774.1342105263157
C8655,111,24,0,4.8,2016,4813.200000000001
C1636,123,65,0,3.6,2642,4141.843076923077
C9858,39,56,1,3.0,1739,2102.3267857142855
C1020,101,79,0,4.3,1899,2627.3506329113925
C3629,61,53,1,3.1,2350,3161.4150943396226
C5514,25,30,1,3.3,2099,2623.75
C1225,70,37,0,3.4,1749,2741.675675675676
C3199,125,34,0,4.4,2609,5486.573529411764
C5988,99,76,0,3.2,1897,2638.3276315789476
C9600,120,46,0,3.9,2068,3686.4347826086955
C1379,67,38,1,3.6,1971,3013.555263157895
C8315,32,57,0,3.2,1958,2287.7684210526318
C4111,125,79,1,4.3,1561,2301.9810126582274
C7878,19,39,0,3.8,2410,2762.230769230769
C8493,115,22,0,3.4,1797,4615.022727272728
C9278,96,57,1,3.0,1673,2518.3052631578944
C3598,83,75,0,3.1,2386,3178.152
C7957,70,67,0,3.5,2941,3862.805970149254
C1208,23,77,0,5.0,2650,2887.4675324675327
C5792,16,76,0,4.0,1541,1638.3263157894737
C1018,11,31,0,3.9,1724,1907.5225806451613
C4183,142,70,0,4.3,2786,4481.48
C5009,146,34,0,3.1,1568,3587.95294117647
C5357,88,25,1,3.3,2328,4786.368
C9451,77,50,1,3.2,2365,3457.63
C8806,68,35,0,4.8,2296,3634.24
C9724,101,23,0,3.8,2580,5978.869565217391
C6826,22,57,0,4.7,2747,3065.073684210526
C5441,119,28,0,4.2,2416,5496.4
C1481,129,49,1,3.1,2658,4757.277551020408
C1768,136,45,0,3.9,1666,3176.5066666666667
C8421,60,26,1,3.8,2330,3943.0769230769224
C4931,48,51,0,4.8,2946,3777.811764705882
C7324,53,73,0,4.9,2249,2738.8506849315067
C2918,22,30,0,4.4,1742,2125.24
C8711,59,44,1,3.3,1806,2532.5045454545457
C9708,142,58,1,3.9,2083,3612.9275862068966
C3660,75,37,1,4.3,2167,3484.7702702702704
C3269,103,62,1,3.9,2212,3314.4322580645166
C1944,85,46,1,4.4,2083,3237.7065217391305
C6651,54,42,1,3.8,2254,3123.4
C7950,92,38,0,4.0,2884,4978.694736842105
C4957,87,63,1,3.4,2177,3078.8999999999996
C3745,67,48,0,4.0,1593,2260.06875
C1667,79,41,0,3.4,2409,3801.519512195122
C4722,134,68,1,4.1,2247,3575.373529411765
C9976,124,42,0,4.2,1705,3215.142857142857
C1640,113,61,1,4.6,1572,2445.6196721311476
C3990,144,57,1,3.7,2832,4978.357894736841
C1708,89,79,0,4.5,1938,2592.9949367088607
C2901,131,49,1,3.7,2596,4678.097959183674
C2735,43,56,0,3.1,1515,1863.9910714285716
C3188,52,72,1,4.6,1650,2007.4999999999998
C5920,138,22,1,4.7,1543,4446.645454545454
C7786,65,46,1,4.0,1663,2367.9673913043475
C4256,25,71,1,4.2,2750,3040.492957746479
C2407,50,78,0,3.4,2219,2645.730769230769
C3800,72,25,0,3.9,1715,3196.7599999999998
C6472,91,60,0,4.9,1560,2269.8
C9941,95,49,1,3.2,2139,3383.1122448979595
C6471,112,69,0,4.8,2613,3885.417391304348
C5053,59,38,0,3.1,2395,3510.565789473684
C4461,40,38,0,4.9,2328,3063.1578947368425
C3364,23,74,0,3.3,2763,3020.631081081081
C3879,22,45,0,4.9,2912,3339.0933333333337
C4157,11,72,1,3.6,1712,1790.4666666666667
C9151,134,65,1,4.8,1911,3092.8799999999997
C3124,69,38,1,4.2,1976,3052.4
C3205,33,20,0,3.4,2377,3553.615
C6516,97,39,0,3.9,1546,2699.5538461538463
C2804,90,75,0,3.0,2712,3688.3199999999997
C7661,132,37,1,3.8,2880,5962.378378378377
C9977,134,47,0,4.4,1910,3543.6595744680853
C6128,32,48,0,4.3,2408,2889.6
C7018,121,75,0,3.2,2276,3377.584
C2560,104,66,0,3.4,2646,3896.8363636363633
C5723,106,80,1,4.2,1630,2277.9249999999997
C8536,109,32,1,3.9,2958,5980.706249999999
C8213,98,80,1,3.6,2734,3738.745
C8202,105,43,0,4.3,2289,3965.8255813953488
C2825,88,53,0,4.9,2771,4151.271698113207
C6490,112,25,0,3.0,1805,4230.920000000001
C2598,39,34,0,4.3,2481,3334.7558823529407
C9117,129,68,1,3.1,2544,3991.835294117647
C1171,82,40,0,4.6,1864,3010.3599999999997
C4409,31,76,1,4.8,1580,1773.3421052631581
C8952,109,22,1,4.7,2176,5410.327272727272
C6462,26,75,1,3.4,2626,2899.1040000000003
C7471,116,41,0,4.6,2503,4627.497560975609
C5001,149,61,0,3.3,2661,4610.945901639344
C8796,141,31,1,4.6,1822,4308.148387096774
C9302,20,61,0,4.9,2905,3190.7377049180323
C5053,123,24,0,4.1,2751,6980.662499999999
C3796,100,68,1,4.6,2965,4273.088235294118
C8450,96,53,0,3.6,2645,4082.283018867924
C6538,110,65,1,4.3,1955,2947.5384615384614
C5066,53,41,1,3.9,2815,3906.670731707317
C1827,141,62,1,4.8,1783,2999.466129032258
C3876,118,77,1,3.3,2147,3134.0623376623375
C2639,30,60,0,4.3,2879,3310.85
C3083,102,28,0,3.7,1801,3769.2357142857136
C6787,58,57,0,4.5,2794,3646.9052631578948
C7697,75,69,1,3.5,1601,2123.065217391304
C1682,145,79,0,3.9,1810,2806.645569620253
C7448,21,47,0,3.5,1946,2206.8468085106383
C6318,132,75,0,3.2,2505,3827.64
C4299,20,39,1,4.5,2075,2394.230769230769
C3404,114,72,1,4.8,2013,2969.175
C1415,54,80,1,3.6,1650,1984.1250000000002
C1286,53,58,1,3.2,2540,3236.310344827586
C1056,107,27,1,3.0,2910,6369.666666666667
C6540,107,48,0,3.2,1861,3105.54375
C5572,141,25,1,3.8,2402,6466.184
C3561,126,58,0,4.3,2804,4631.43448275862
C6800,29,42,0,5.0,1563,1886.7642857142855
C1524,141,38,0,4.1,1646,3478.257894736842
C4691,79,28,1,4.1,2462,4545.907142857143
C8901,59,65,1,3.8,2468,3140.055384615385
C6794,45,74,0,4.6,2305,2725.5067567567567
C7560,103,72,1,3.2,1573,2248.079166666667
C7458,21,80,1,4.1,2381,2568.5037500000003
C6972,86,44,0,3.3,1852,2937.9454545454546
C4535,63,71,0,3.9,2608,3302.2422535211263
C6739,131,32,1,3.9,2508,5588.1375
C4091,91,39,0,3.6,1710,2907.0000000000005
C5249,110,25,0,4.1,1761,4085.5200000000004
C8532,55,75,0,4.0,1983,2419.2599999999998
C4466,143,22,1,3.3,2495,7360.25
C1981,80,28,1,4.1,2412,4479.428571428572
C8892,108,71,1,3.1,2655,3866.577464788732
C5846,112,68,0,3.6,1837,2744.6941176470586
C4350,42,56,0,3.8,2540,3111.5
C5293,41,79,0,3.3,2171,2509.0164556962022
C7315,129,63,0,3.6,1886,3044.5428571428574
C9840,127,29,0,3.4,2692,6228.731034482759
C6220,57,57,1,4.8,2755,3581.5
C5904,146,33,0,4.8,2533,5894.981818181818
C8042,66,53,0,4.8,2656,3648.241509433962
C9557,50,74,1,4.1,2047,2461.9324324324325
C4521,144,53,0,3.6,2893,5251.067924528302
C8516,100,41,1,3.6,2381,4123.195121951219
C1996,135,61,1,4.5,1996,3321.213114754098
C6352,18,37,0,3.1,1662,1904.5621621621622
C6902,59,23,1,4.5,2188,3871.8086956521734
C9994,121,52,0,4.1,2293,3893.690384615385
C3814,90,48,1,4.6,2624,4100.0
C1548,48,62,0,3.6,2522,3107.754838709677
C2890,25,80,1,4.8,2631,2877.65625
C4225,21,44,1,4.4,2085,2383.5340909090905
C1365,46,26,0,4.5,1805,2763.0384615384614
C7759,113,47,1,4.8,2469,4249.831914893617
C8976,11,49,0,4.6,1973,2105.8755102040814
C5953,22,52,0,3.3,2274,2562.623076923077
C7763,117,46,0,3.6,2087,3679.4717391304353
C8407,45,41,0,3.3,2706,3597.0
C7007,108,45,0,4.9,2584,4444.48
C8803,35,36,1,5.0,2192,2831.333333333333
C8622,70,70,0,4.5,2562,3330.6
C5134,150,56,0,3.1,2444,4407.928571428571
C3852,85,23,0,4.5,1578,3327.521739130435
C6262,22,50,1,3.4,2168,2454.1760000000004
C5666,51,67,1,3.4,1885,2315.455223880597
C1610,23,44,1,3.7,1993,2305.538636363636
C3581,47,57,1,4.8,2950,3679.7368421052633
C4614,49,43,1,4.0,2541,3409.6674418604653
C8824,31,25,0,4.8,2468,3386.0959999999995
C3997,110,68,1,3.9,2232,3315.1764705882356
C6940,49,60,1,4.5,1830,2278.3500000000004
C9267,122,36,1,3.7,1591,3208.5166666666664
C4512,88,23,0,4.5,2229,4787.504347826087
C8774,60,55,1,3.5,2038,2704.9818181818177
C5542,33,22,0,4.8,2336,3387.2
C2346,54,50,0,4.0,2463,3261.012
C9891,13,65,0,4.3,2726,2889.56
C2396,30,46,0,3.9,2815,3365.7608695652175
C6836,73,60,1,4.4,2254,3076.71
C3889,22,51,1,3.6,1944,2195.576470588235
C4889,70,26,1,3.5,2619,4734.346153846154
C1081,83,78,0,4.7,2391,3154.2807692307692
C3070,120,67,1,3.9,1627,2501.2089552238804
C6475,43,41,0,4.7,2678,3520.5902439024394
C2419,117,38,0,4.6,2165,4164.776315789473
C3889,149,23,0,4.4,1785,5254.108695652174
C5122,121,37,1,4.7,2491,4934.872972972973
C9075,66,45,1,4.4,2060,2966.4
C5223,40,25,0,3.1,1578,2335.44
C8098,35,43,1,3.6,1569,1952.1279069767443
C3364,71,42,1,3.1,2777,4185.335714285714
C9576,107,44,1,3.5,2374,4105.940909090909
C6904,145,54,1,3.0,2539,4584.305555555555
C8078,94,29,0,5.0,1985,3915.2413793103447
C8525,121,74,1,4.4,2515,3748.7094594594596
C1683,124,27,0,3.5,2629,6251.177777777778
C1328,46,65,0,5.0,2027,2457.3476923076923
C4152,57,27,1,4.9,1962,3204.6
C6862,118,33,1,3.1,2760,5720.727272727273
C7628,13,77,1,4.2,2714,2851.4623376623376
C5890,99,32,0,4.4,2156,4157.0375
C9425,19,21,0,3.4,1979,2516.157142857143
C4823,20,23,0,3.3,2152,2713.391304347826
C9738,103,40,1,4.1,1610,2853.725
C9784,16,30,0,3.9,1525,1768.9999999999998
C1699,31,38,1,4.5,2471,3075.7447368421053
C4970,137,33,1,4.2,2167,4865.9
C8560,105,36,0,4.6,1628,3052.5
C9532,122,72,1,3.1,2127,3208.225
C8047,106,79,1,3.1,2834,3974.7746835443036
C9570,143,47,1,4.9,1787,3418.1127659574463
C1056,91,55,1,4.5,2465,3688.5363636363636
C9389,137,65,1,3.9,2107,3439.272307692308
C5366,60,66,1,4.3,2956,3762.181818181818
C7851,29,41,0,3.1,2864,3471.7268292682925
C8930,148,43,0,3.9,2234,4540.734883720931
C4528,67,22,1,4.8,2430,4650.136363636363
C6789,46,32,1,4.4,1624,2324.35
C9982,145,30,0,3.1,1565,3834.2500000000005
C2054,144,78,1,4.6,2754,4279.292307692308
C6788,80,68,1,4.0,1840,2489.4117647058824
C9494,38,35,0,3.1,1692,2243.1085714285714
C1965,92,40,0,3.4,2576,4353.44
C2324,63,62,1,4.5,2392,3121.174193548387
C2103,124,38,0,3.1,1782,3526.4842105263156
C4806,46,60,1,5.0,2900,3567.0
C3751,52,20,1,4.8,2164,3851.92
C1504,103,75,0,4.1,1655,2336.8599999999997
C4956,14,78,0,4.8,1559,1642.946153846154
C6037,50,42,1,3.7,1929,2617.9285714285716
C1702,55,26,1,3.6,1948,3184.230769230769
C3691,92,59,1,4.3,2184,3205.6677966101693
C5916,124,42,0,3.0,1963,3701.657142857143
C9606,73,41,0,3.7,2568,3939.687804878049
C9818,39,80,0,4.2,2000,2292.5
C1496,103,72,1,4.0,1546,2209.491666666667
C5003,127,21,1,4.2,2674,7525.4
C5616,128,55,0,3.6,2800,4754.909090909091
C5238,121,43,0,3.0,2691,4962.7046511627905
C7333,52,64,1,4.4,2291,2849.4312499999996
C8922,21,57,1,4.3,2168,2407.6210526315786
C8621,33,39,1,3.1,1943,2436.223076923077
C1669,17,68,1,4.2,2143,2303.725
C8567,51,69,1,4.7,2856,3489.2869565217393
C3997,75,63,1,3.3,1601,2172.785714285714
C6206,49,52,0,4.4,1608,2062.5692307692307
C4135,110,35,0,3.3,1771,3440.8
C4746,75,69,1,4.4,1641,2176.1086956521735
C7011,99,54,1,3.7,2887,4474.849999999999
C1788,111,75,1,4.1,2293,3311.092
C6863,120,33,1,4.9,2030,4244.545454545454
C3285,83,63,0,3.3,2042,2849.0761904761903
C5816,10,64,0,4.2,2418,2531.34375
C1713,15,60,0,4.9,2317,2490.775
C3146,130,33,1,4.5,2192,4782.545454545454
C6799,42,79,1,3.4,2378,2757.2759493670887
C7551,78,50,0,3.0,2610,3831.48
C2147,62,71,0,3.9,2881,3635.740845070423
C2364,56,29,0,4.4,2387,3769.8137931034485
C2402,88,50,0,3.1,2613,3992.664
C9985,11,80,1,4.4,2926,3046.6975
C3801,30,22,1,3.5,2560,3607.2727272727275
C5522,88,39,1,4.8,1808,3031.8769230769226
C4942,122,70,1,3.6,2866,4364.508571428571
C4951,81,24,0,4.5,2381,4791.762500000001
C7754,25,45,1,3.7,2241,2614.5
C4118,85,33,0,3.5,2050,3634.090909090909
C9165,122,35,1,4.8,2491,5095.874285714285
C8022,64,24,1,5.0,2343,4217.4
C3100,13,39,0,3.6,2947,3241.7000000000003
C2060,49,50,0,4.1,2195,2840.33
C8016,123,73,1,5.0,2355,3545.404109589041
C4151,58,28,1,3.6,2363,3831.4357142857143
C1330,146,55,1,3.2,1728,3104.1163636363635
C9331,26,57,1,4.3,1740,1978.1052631578948
C1366,116,34,0,4.6,1628,3294.305882352941
C8147,51,28,0,4.3,2603,4025.353571428571
C2819,69,33,0,3.5,2276,3703.672727272727
C2885,82,20,0,4.9,2289,5104.469999999999
C7054,149,41,0,3.7,1943,4061.3439024390245
C5823,42,64,0,3.0,2904,3475.725
C7729,135,34,0,3.7,1886,4132.558823529412
C1803,124,65,1,4.3,1741,2737.3876923076923
C3071,32,51,1,3.2,2761,3280.7176470588233
C8942,39,26,1,3.6,2993,4339.849999999999
C3599,119,43,1,3.2,2953,5404.676744186047
C6167,49,60,1,4.0,2406,2995.4700000000003
C5304,93,64,0,4.4,2244,3222.24375
C6795,57,66,1,4.7,2943,3705.504545454545
C2461,41,69,0,3.7,2295,2704.108695652174
C7211,18,70,1,3.3,2687,2894.282857142857
C8702,25,37,1,3.6,2671,3212.4189189189187
C6559,65,66,0,3.8,2574,3334.5
C3846,125,69,1,3.9,1593,2458.7608695652175
C3872,122,74,1,3.9,2523,3770.8621621621623
C7247,45,45,1,4.2,2453,3188.9
C9696,105,61,1,3.7,1848,2802.295081967213
C3628,129,78,1,4.0,2434,3641.638461538462
C3654,110,32,0,3.5,1912,3883.75
C6966,27,44,0,4.9,1729,2047.293181818182
C7742,49,25,0,3.5,2043,3244.284
C3124,36,22,0,3.4,2138,3187.5636363636363
C1603,107,46,1,3.2,2354,3996.6826086956517
C7979,84,27,0,3.5,2956,5714.933333333333
C8083,142,56,1,4.2,2097,3692.217857142857
C2142,57,24,0,5.0,1501,2570.4625
C7493,72,20,0,5.0,1975,4108.0
C5363,85,22,1,3.4,2935,6336.931818181818
C1924,56,38,0,4.4,2287,3298.0947368421052
C1499,63,45,0,3.6,2711,3849.62
C5805,71,67,0,3.6,1790,2359.0597014925374
C3400,106,68,0,4.4,2214,3249.3705882352942
C3779,78,56,1,3.8,2098,2974.6642857142856
C2517,101,37,0,3.4,2690,4892.891891891892
C9452,40,41,0,3.3,2316,2993.8536585365855
C5892,16,52,1,3.7,2933,3203.7384615384617
C9864,134,35,0,4.2,1717,3689.097142857143
C4044,58,68,0,4.1,2868,3601.8705882352942
C4721,26,72,0,4.9,1820,2017.1666666666667
C3196,122,34,1,3.4,2460,5108.1176470588225
C6943,123,52,0,4.7,1933,3304.686538461539
C7996,147,22,0,3.6,1790,5378.136363636363
C4561,109,61,0,3.9,1566,2405.4786885245903
C2368,114,71,0,3.0,2423,3590.135211267606
C8057,45,54,1,3.1,1658,2072.5
C8136,149,35,0,3.8,2113,4811.602857142857
C8153,109,70,0,3.6,1965,2882.9357142857143
C3132,32,45,0,3.6,2698,3273.5733333333333
C5788,136,58,0,5.0,2308,3931.5586206896555
C7079,127,51,0,3.1,2764,4828.870588235294
C4135,102,69,1,3.6,2544,3672.2086956521734
C4398,31,71,0,3.0,2095,2369.4154929577467
C1559,90,53,0,3.4,1882,2840.7547169811323
C3178,15,73,1,4.6,2679,2844.1438356164385
C7138,75,74,1,3.6,1951,2544.209459459459
C4606,17,79,1,4.9,1512,1609.6101265822783
C3696,59,46,0,3.6,2537,3513.193478260869
C3971,149,35,0,4.3,1785,4064.7
C8501,138,24,0,3.4,2832,7717.199999999999
C9054,101,21,1,4.9,2695,6583.500000000001
C5118,57,55,1,3.9,2317,3037.3763636363637
C7114,102,59,1,3.9,1814,2754.820338983051
C9523,97,38,1,4.7,2905,5129.618421052632
C1817,10,62,0,4.4,1930,2023.3870967741934
C9994,103,74,1,3.0,1674,2373.008108108108
C8612,100,59,0,4.1,2942,4437.932203389831
C4616,59,52,1,3.2,2898,3884.434615384615
C2449,140,63,1,3.5,1966,3276.6666666666665
C6229,97,57,1,4.6,2116,3196.2736842105264
C3332,64,66,1,3.4,1642,2119.6727272727276
C3343,107,28,1,4.6,2025,4346.517857142857
C8552,94,27,0,4.8,1758,3594.133333333333
C9730,95,26,0,4.4,2866,6007.576923076922
C6876,21,40,1,4.3,1728,2000.1599999999999
C8751,94,21,1,3.5,1898,4446.742857142856
C4830,34,51,1,3.5,1589,1906.8
C6800,111,78,0,3.8,2450,3495.9615384615386
C8982,56,33,0,4.3,2689,4057.9454545454546
C4519,137,70,0,4.3,2986,4739.208571428571
C7651,32,73,0,3.9,2187,2474.6054794520546
C3335,134,37,0,4.1,1522,3175.6324324324323
C6250,98,61,0,4.6,2505,3712.3278688524592
C1925,82,67,0,4.6,2268,3100.728358208955
C2705,56,55,0,4.5,1754,2289.7672727272725
C1668,127,60,1,3.2,1586,2593.11
C6086,112,80,1,4.9,1736,2465.12
C7187,16,25,1,3.0,1618,1928.656
C8052,148,77,1,4.0,2745,4327.831168831169
C2226,93,58,1,3.1,2798,4143.93448275862
C1368,142,50,0,3.3,2409,4461.468
C8364,120,38,0,3.2,2721,5298.78947368421
C9494,11,63,1,3.8,2310,2431.0
C9110,150,40,0,3.8,2096,4454.0
C7067,118,29,0,4.6,1812,4023.889655172413
C2073,11,48,0,3.1,1927,2059.4812500000003
C2598,49,23,0,4.2,2252,3691.321739130435
C1052,91,23,0,4.3,2965,6484.326086956522
C9268,42,69,1,3.6,2853,3373.9826086956523
C6100,72,43,1,5.0,2387,3586.0511627906976
C9478,83,27,1,4.6,1796,3452.3111111111107
C9626,119,32,0,3.9,1892,4002.7624999999994
C5838,131,67,1,3.7,2745,4355.126865671642
C6864,114,23,0,3.9,1570,3904.5217391304345
C7690,27,68,1,3.3,2828,3164.864705882353
C5321,12,51,0,5.0,2349,2514.811764705882
C5237,64,76,0,3.4,2891,3621.357894736842
C9797,103,37,0,4.8,1531,2809.591891891892
C8472,148,27,0,3.6,1854,4902.800000000001
C5204,114,71,1,4.0,1638,2427.008450704225
C2628,129,47,1,4.9,1536,2800.748936170213
C5444,61,34,1,4.3,2369,3644.0794117647056
C7157,120,32,0,4.5,2786,5920.25
C5304,124,67,0,3.7,2397,3727.8716417910446
C6565,66,72,0,4.3,2354,3001.35
C8440,55,73,0,3.9,1627,1994.7465753424658
C4231,53,37,1,4.8,2061,2946.672972972973
C2204,75,52,0,3.0,1501,2150.471153846154
C5323,80,39,1,3.3,2619,4230.692307692308
C1266,86,71,0,3.7,2136,2912.180281690141
C9098,34,29,1,4.4,2783,3761.848275862069
C3317,135,32,1,4.5,1932,4377.1875
C6429,132,70,1,3.6,2471,3868.88
C2056,19,38,1,4.3,2030,2334.5
C6682,141,75,1,3.5,2062,3224.9680000000003
C3424,119,80,0,3.1,2172,3141.255
C6041,102,21,1,4.1,2676,6575.314285714286
C8044,81,66,0,3.8,1951,2669.322727272727
C6180,134,69,0,4.9,2450,3877.391304347826
C5497,88,35,1,3.3,1641,2878.782857142857
C7963,15,31,1,3.8,1796,2056.709677419355
C8146,127,63,1,4.3,2480,3979.809523809524
C2635,146,26,1,4.7,1967,5280.638461538461
C5250,130,31,0,4.7,2223,5019.677419354838
C9502,87,56,1,4.5,2911,4267.733928571428
C2683,122,41,0,4.8,2855,5403.60975609756
C9306,44,20,0,3.3,1823,3026.1800000000003
C8586,55,73,1,4.9,2516,3084.6849315068494
C4224,118,55,1,4.1,1691,2779.389090909091
C3317,24,32,1,3.4,2761,3382.2250000000004
C5085,63,72,1,3.1,2672,3373.4
C3028,95,51,1,3.4,2178,3395.1176470588234
C7609,32,27,0,4.6,2955,4005.666666666667
C6073,142,52,1,4.1,1513,2752.496153846154
C8190,39,35,1,3.5,1916,2556.4914285714285
C7395,136,43,0,3.3,2018,3932.7534883720928
C6470,94,45,1,5.0,2500,4066.666666666667
C6959,126,72,0,3.7,2267,3457.1749999999997
C1646,58,40,1,4.5,1672,2399.32
C2727,137,74,1,3.6,2858,4445.348648648649
C1202,84,78,1,4.1,2313,3060.276923076923
C6778,10,58,1,4.9,2516,2646.137931034483
C5747,12,34,0,4.5,1510,1669.8823529411766
C9837,103,47,1,3.3,1501,2487.827659574468
C9374,90,68,1,3.6,2730,3813.9705882352937
C9480,52,38,1,4.9,2122,2993.136842105263
C8170,118,36,1,3.8,1554,3082.1
C8014,20,24,1,4.5,2094,2617.5
C5517,116,30,1,3.1,2698,5827.68
C2736,79,30,1,3.5,1826,3268.54
C7440,42,29,0,4.9,2004,2874.7034482758622
C1882,24,58,0,3.1,2452,2756.386206896552
C6193,141,46,1,3.9,1952,3746.991304347826
C5510,27,25,0,4.1,2508,3320.592
C5253,119,34,1,3.5,1923,3942.1499999999996
C9201,122,59,1,3.9,1927,3122.3932203389827
C2839,94,39,1,4.7,2355,4057.8461538461543
C5225,123,77,1,4.8,1738,2570.885714285714
C6814,131,76,0,3.9,2592,3932.3368421052633
C9625,132,27,0,4.3,2427,5986.6
C9122,29,43,0,4.0,2531,3043.086046511628
C5954,17,62,0,3.4,2350,2543.3064516129034
C8725,140,54,1,3.8,2975,5288.888888888889
C8741,130,37,1,4.2,1959,4023.8918918918916
C2510,109,31,0,4.1,1743,3581.583870967742
C5218,57,27,1,4.1,2222,3629.2666666666664
C3882,116,32,0,4.5,2720,5678.0
C7012,85,20,0,3.2,2552,5805.8
C3629,19,36,1,4.7,1844,2135.9666666666662
C5934,40,55,1,4.5,2919,3555.8727272727274
C9287,84,58,0,4.1,2768,3970.648275862069
C5179,34,72,1,3.0,1627,1857.4916666666666
C2690,59,69,0,4.1,2331,2928.9521739130437
C6150,134,67,1,4.0,1615,2584.0
C6622,150,56,0,3.7,2825,5095.089285714285
C3306,75,62,0,3.6,2536,3456.322580645161
C3105,119,36,1,4.4,2093,4168.558333333333
C8660,65,75,0,3.9,1505,1896.3
C1021,31,44,1,4.2,2187,2649.252272727273
C6740,64,56,1,3.8,2189,2939.5142857142855
C4372,80,67,1,4.7,1611,2188.0746268656717
C7230,95,47,1,4.4,2721,4370.968085106383
C1201,87,26,1,4.9,1872,3751.2
C7233,30,58,0,3.7,1677,1937.2241379310344
C8254,145,26,1,4.6,2943,7866.865384615384
C5944,71,37,1,4.3,2327,3666.5972972972977
C1024,114,66,1,4.1,2828,4293.418181818181
C3484,110,72,0,3.7,2056,2998.333333333333
C5856,129,26,0,4.5,2462,6126.592307692308
C6454,124,30,1,4.5,1725,3864.0000000000005
C9535,26,23,1,4.5,2227,2982.24347826087
C1923,70,41,0,4.0,2547,3851.560975609756
C2708,42,74,0,3.8,2292,2682.2594594594593
C2964,136,36,1,3.3,2425,5173.333333333333
C3416,125,28,0,3.9,1515,3544.0178571428573
C9272,134,21,0,3.0,1748,5094.171428571429
C2765,34,59,0,3.3,1613,1891.857627118644
C8026,83,72,0,3.9,1504,2024.1333333333332
C5365,16,35,0,3.4,2158,2453.9542857142856
C8006,129,50,1,3.9,2041,3620.734
C6741,138,31,0,4.9,1643,3837.1999999999994
C4238,142,20,0,4.5,1559,4879.67
C2614,69,57,0,4.1,2013,2744.036842105263
C5709,107,77,1,4.6,2778,3936.1012987012987
C8235,11,23,1,4.3,2809,3212.030434782609
C1222,46,23,0,4.8,2514,4022.4
C9618,110,22,0,3.3,2829,7072.5
C1724,112,60,1,3.8,1738,2711.28
C2437,137,32,1,4.0,2199,5023.340625
C6232,52,31,0,4.1,2866,4308.245161290322
C4391,97,74,0,4.0,1678,2337.8621621621623
C4452,66,54,0,3.6,2937,4013.9
C5991,116,66,1,3.1,2194,3350.836363636364
C6728,59,27,1,3.1,2797,4630.5888888888885
C9948,84,65,1,3.5,2311,3206.9569230769234
C8592,11,50,0,4.1,1951,2079.766
C2026,44,69,1,3.2,1560,1858.4347826086957
C7172,34,50,0,3.5,1765,2125.06
C8495,37,60,0,4.2,1814,2149.59
C5324,92,31,1,3.5,1837,3472.522580645161
C8658,138,24,0,3.8,1671,4553.474999999999
C2457,143,22,0,4.3,2147,6333.650000000001
C1047,128,57,1,3.5,1989,3328.957894736842
C5732,80,63,0,4.3,1509,2083.8571428571427
C9124,108,78,0,4.1,2024,2864.7384615384613
C8680,127,41,0,4.7,2533,4886.836585365853
C6309,21,48,1,4.2,1784,2018.15
C2447,135,42,0,4.5,1756,3449.2857142857147
C2915,58,34,0,3.1,1922,2905.6117647058823
C9128,116,45,0,4.5,2936,5206.506666666667
C1166,131,30,1,3.8,2841,6562.709999999999
C1381,109,24,0,4.3,2146,5069.924999999999
C8763,23,64,0,4.5,2706,2997.7406250000004
C3484,136,79,1,4.0,1902,2884.2987341772155
C5300,124,36,1,3.8,2568,5221.599999999999
C4583,22,49,1,3.5,2811,3189.6244897959186
C1450,109,69,1,4.5,2004,2953.721739130435
C2724,115,53,0,4.5,2260,3731.132075471698
C7541,71,72,1,4.7,2224,2881.9333333333334
C7270,20,41,1,3.6,2968,3402.341463414634
C1356,150,50,0,4.2,2486,4723.4
C9992,97,68,1,3.5,2206,3150.038235294118
C9151,19,38,1,4.2,2040,2346.0
C8009,118,68,1,4.1,2313,3517.120588235294
C6741,122,55,1,4.7,1971,3282.6109090909094
C6727,42,79,0,5.0,2899,3361.372151898734
C5010,94,30,1,4.6,2941,5705.54
C5317,106,62,1,3.8,1910,2889.6451612903224
C1835,67,62,1,3.8,2050,2714.5967741935483
C7851,71,52,0,4.5,2024,2853.061538461538
C4924,25,46,0,4.4,1975,2297.0108695652175
C8960,150,69,0,3.8,2924,4830.95652173913
C7685,66,30,1,3.8,2421,4018.86
C6718,19,71,0,4.4,2442,2638.0478873239435
C7613,104,42,1,3.6,2607,4543.628571428571
C9666,39,47,0,3.5,1835,2291.7978723404253
C8387,91,58,0,4.5,2647,3892.9155172413793
C6736,93,78,1,4.4,1831,2485.9346153846154
C9788,135,21,1,3.5,2414,7069.571428571429
C6737,129,60,0,3.5,2410,3964.45
C5696,112,34,0,3.2,2661,5290.694117647059
C8965,58,80,1,4.5,2223,2706.5025
C9455,130,44,0,3.7,2171,4095.2954545454545
C9717,122,80,1,4.2,2081,3033.0575
C5638,71,38,0,4.0,1707,2663.8184210526315
C8361,25,20,0,4.1,1788,2458.5
C5987,22,49,1,4.6,2964,3363.2326530612245
C3147,141,29,0,4.2,2366,5817.0965517241375
C5093,22,63,1,4.8,1994,2202.8952380952383
C6352,103,61,1,4.4,1525,2297.5
C9160,45,37,0,3.2,2867,3913.0675675675675
C4024,49,55,0,4.5,1918,2430.629090909091
C7842,73,58,0,4.8,1720,2369.448275862069
C9890,121,79,0,3.1,1730,2524.9240506329115
C3199,115,77,1,4.2,2097,3036.564935064935
C7668,40,33,0,4.6,2953,4026.818181818182
C7183,129,62,0,4.5,2267,3682.046774193548
C3409,65,28,0,4.5,2674,4536.250000000001
C1777,115,31,0,4.2,2932,6195.032258064516
C8433,88,79,1,3.4,2855,3809.0759493670885
C2402,55,31,1,4.4,2326,3564.032258064516
C2361,69,43,1,3.1,2393,3544.979069767442
C9057,40,41,1,3.1,1824,2357.8536585365855
C7619,45,23,0,4.8,2250,3570.6521739130435
C9510,100,63,0,3.1,2044,3017.3333333333335
C5957,85,33,0,4.8,2572,4559.454545454545
C1292,34,53,1,4.7,1852,2208.422641509434
C6066,141,73,1,3.3,2902,4583.5698630136985
C3599,104,26,0,3.3,2126,4677.200000000001
C6961,32,73,0,3.5,2305,2608.1232876712324
C2187,82,68,0,4.6,2285,3111.6323529411766
C7784,57,45,0,4.0,2382,3287.16
C6542,133,66,1,4.4,2634,4226.372727272727
C2801,49,68,0,3.0,2614,3179.0852941176468
C8708,40,26,0,4.9,2470,3610.0000000000005
C4555,106,45,0,3.9,2432,4150.613333333333
C6078,131,72,1,3.6,2943,4549.3875
C8266,107,37,1,3.4,2004,3742.6054054054052
C6983,126,39,0,3.1,1730,3406.769230769231
C7882,52,34,1,3.6,1884,2748.423529411765
C1544,46,76,1,4.4,2135,2522.671052631579
C2839,122,76,1,3.8,1981,2935.007894736842
C2174,66,55,1,4.5,1644,2235.8399999999997
C4720,39,31,0,4.9,2801,3858.1516129032257
C8927,31,30,1,4.2,2646,3466.26
C7066,86,49,1,3.2,1562,2384.4408163265307
C9017,89,24,1,4.9,2082,4398.224999999999
C3410,68,41,1,4.8,1615,2418.560975609756
C7979,62,60,0,4.4,2088,2735.28
C7697,116,42,0,4.9,1760,3218.285714285714
C5158,149,22,0,5.0,2194,6651.809090909091
C6394,88,80,1,4.9,1789,2379.3700000000003
C9008,115,78,0,4.0,1909,2753.3653846153848
C9018,94,60,0,3.6,2866,4213.0199999999995
C9949,92,58,1,3.6,1817,2681.6413793103447
C1526,45,59,1,3.9,2415,2967.584745762712
C9619,81,63,0,3.5,2571,3562.6714285714284
C7836,44,28,0,3.6,2117,3115.014285714286
C8768,97,57,1,4.2,2371,3581.4578947368423
C9535,95,49,0,5.0,2563,4053.7244897959185
C9472,146,38,0,3.6,2269,4884.32105263158
C8643,25,32,0,3.6,1604,1979.9375
C6894,75,60,1,3.3,1712,2354.0
C7832,47,44,0,3.3,1974,2606.5772727272724
C3420,32,21,0,4.1,1567,2283.342857142857
C1948,53,50,1,4.8,2998,3951.364
C3211,49,66,0,3.4,1683,2057.85
C1328,118,54,0,4.9,1731,2865.7666666666664
C3659,118,62,0,4.6,2402,3773.464516129032
C5314,88,57,1,4.3,2213,3237.968421052631
C9968,117,57,0,4.9,2685,4338.394736842105
C8076,65,50,1,3.0,2132,2963.4800000000005
C5943,102,64,1,4.1,2350,3473.59375
C2307,147,22,0,4.8,2776,8340.618181818181
C5888,123,76,0,3.2,2838,4215.9236842105265
C9207,10,77,1,4.6,1602,1664.4155844155844
C8777,37,29,1,3.7,1874,2591.289655172414
C1807,125,23,1,3.5,2376,6249.91304347826
C7849,74,80,0,3.0,2344,2994.46
C1314,29,48,0,3.9,2437,2878.7062499999997
C6481,87,45,1,3.9,1607,2539.06
C6800,52,70,1,4.1,2846,3480.2514285714287
C6355,43,45,1,3.7,1837,2363.6066666666666
C2152,147,68,0,4.9,1735,2860.1985294117644
C2418,118,66,1,3.2,2887,4435.481818181818
C7395,136,66,1,4.6,2950,4773.636363636364
C7731,31,38,0,4.0,1633,2032.6552631578948
C7344,131,44,0,5.0,1854,3509.9590909090907
C5487,54,47,0,3.2,1744,2345.123404255319
C7118,35,31,0,3.7,2129,2850.112903225807
C1207,56,21,1,4.7,2473,4451.4
C9832,77,28,0,5.0,2747,5013.275
C5011,128,52,0,4.0,2882,5010.246153846154
C7834,94,70,1,3.8,1757,2464.8199999999997
C8396,78,80,1,3.3,2987,3860.6974999999998
C7652,85,64,0,4.8,2224,3110.125
C7836,13,68,1,4.0,2056,2173.9176470588236
C8435,12,66,1,3.9,2289,2413.854545454545
C7604,147,47,0,4.5,2955,5727.670212765957
C2830,99,42,1,3.8,2242,3827.414285714286
C5187,83,44,1,3.4,2881,4511.384090909091
C3132,118,45,0,3.4,2026,3619.7866666666664
C8811,49,25,0,4.2,2753,4371.764
C8165,131,79,0,3.6,2380,3563.974683544304
C3345,132,57,1,4.2,2061,3492.8526315789472
C5404,16,49,0,4.0,1777,1951.0734693877553
C8563,105,39,0,4.8,2521,4557.192307692308
C7862,104,29,0,3.5,2365,4909.413793103448
C7422,84,55,0,4.3,2166,3158.4218181818183
C1298,70,77,0,3.7,2993,3809.272727272727
C4566,24,21,0,4.6,1901,2552.7714285714283
C3562,106,52,1,4.6,2097,3379.396153846154
C2613,74,66,1,3.1,2326,3108.3818181818183
C7935,137,23,1,4.9,2853,7951.1869565217385
C4696,19,62,0,5.0,2065,2254.8467741935488
C9211,149,44,1,3.6,2101,4235.424999999999
C2556,100,34,1,3.1,2430,4574.117647058823
C4052,139,60,1,4.9,1689,2862.855
C3483,70,45,0,4.4,1849,2711.866666666667
C9196,51,26,1,3.7,1918,3046.6692307692306
C4583,67,24,0,4.4,2175,3996.5625
C4058,79,35,0,4.2,2316,3884.262857142857
C4680,32,69,1,3.3,2007,2286.2347826086957
C3532,110,39,1,3.3,1693,3125.538461538462
C6738,54,59,1,4.1,2463,3139.281355932203
C9723,62,73,1,4.7,1667,2091.7424657534248
C5933,134,49,0,3.4,1804,3284.0163265306123
C5052,83,72,1,4.9,2026,2726.6583333333333
C3060,86,27,1,3.2,2765,5407.111111111111
C8358,72,29,0,4.1,2504,4369.048275862069
C6353,120,40,1,4.8,2957,5618.3
C6130,17,65,1,3.1,2298,2478.3046153846153
C5588,148,48,1,4.2,1773,3413.025
C1388,92,32,1,3.8,2547,4743.787499999999
C7763,40,59,0,3.3,1918,2308.101694915254
C6429,76,80,1,3.6,2152,2765.3199999999997
C9596,47,38,0,4.4,2431,3333.028947368421
C1355,10,26,1,3.1,2780,3100.769230769231
C4995,126,50,0,3.9,2752,4832.512
C4992,29,45,1,4.5,1756,2095.4933333333333
C8400,139,77,1,3.1,2033,3133.9883116883116
C1451,18,21,1,3.7,2519,3166.7428571428572
C7734,125,22,0,3.7,2902,7848.590909090908
C8833,106,42,1,5.0,2642,4642.371428571429
C4674,11,67,0,3.5,1592,1670.4119402985073
C4865,63,24,0,3.0,1733,3097.7375
C8186,16,65,1,4.8,2629,2823.1415384615384
C6059,97,78,1,4.9,2105,2890.326923076923
C8683,19,31,0,3.1,2286,2706.3290322580647
C6727,16,66,0,3.4,2823,3028.309090909091
C9495,91,61,0,4.7,2787,4034.2967213114753
C6026,114,30,0,4.2,1653,3537.4199999999996
C7541,95,20,0,4.4,1746,4234.049999999999
C1960,117,69,1,4.8,2482,3744.582608695652
C1892,133,29,1,3.1,1772,4210.027586206897
C6897,111,55,0,4.1,2832,4546.647272727273
C2303,63,21,1,4.0,2808,5335.2
C5437,86,69,0,3.9,1560,2143.304347826087
C4679,91,75,0,4.9,2394,3265.4159999999997
C4985,145,30,0,4.1,2383,5838.35
C6666,74,20,1,5.0,2579,5441.6900000000005
C1998,26,73,1,3.3,1705,1887.1780821917807
C2444,62,34,1,4.5,2150,3326.176470588235
C1349,107,28,0,3.2,2565,5505.589285714285
C1095,36,75,1,3.2,1779,2035.176
C8260,33,41,0,4.0,2021,2508.9975609756098
C3526,59,51,1,4.6,2032,2737.223529411765
C4818,18,31,0,3.2,2238,2627.8451612903227
C6897,32,27,1,3.9,2165,2934.777777777778
C3460,99,58,1,4.7,2571,3887.529310344828
C7992,10,39,1,3.5,1517,1633.6923076923076
C7766,20,69,0,4.1,2639,2868.478260869565
C9630,63,72,1,4.9,2613,3298.9125
C4043,97,57,1,3.2,2926,4419.8
C6363,76,47,0,4.3,1957,2906.353191489362
C9729,81,22,1,4.3,2961,6231.559090909091
C1014,19,79,0,4.4,2020,2165.746835443038
C3395,12,65,0,3.5,2856,3014.1784615384613
C1495,127,74,0,4.8,2258,3420.564864864865
C2560,48,21,0,3.1,1733,2921.3428571428567
C2696,79,58,1,3.8,2749,3872.298275862069
C2328,30,26,1,4.3,2248,3026.1538461538457
C3070,129,31,1,3.9,2702,6075.14193548387
C6730,108,24,1,4.6,2479,5825.649999999999
C3059,33,53,0,5.0,2434,2888.652830188679
C3520,41,42,1,4.7,1811,2341.3642857142854
C6149,138,41,1,3.5,1744,3505.0146341463415
C1038,109,29,1,4.4,1940,4127.51724137931
C7267,18,58,1,4.2,2368,2588.4689655172415
C9438,150,34,1,3.1,2028,4712.117647058823
C8912,92,60,1,3.0,2325,3394.5
C4012,123,62,1,4.3,2873,4582.898387096774
C4870,32,31,0,4.9,1661,2175.3741935483868
C7778,47,50,0,5.0,1744,2235.808
C2145,19,54,1,3.1,2914,3221.588888888889
C5588,37,56,0,3.8,2182,2614.5035714285714
C8395,95,22,1,4.3,2175,4992.613636363636
C5785,92,64,0,5.0,2795,4000.3437499999995
C8957,66,43,1,3.5,2224,3248.0744186046513
C4970,108,34,1,4.1,1641,3204.776470588235
C9698,108,47,1,4.8,2529,4272.395744680851
C1442,108,54,1,4.9,1780,2848.0
C8845,113,70,1,4.0,1964,2915.137142857143
C5268,131,72,0,3.5,1724,2665.016666666667
C1138,91,78,1,3.8,2407,3249.4500000000003
C6555,33,37,1,4.5,2942,3729.1837837837834
C1274,119,44,1,3.9,2019,3657.1431818181823
C8454,42,23,1,4.7,2382,3686.9217391304346
C9171,132,40,0,3.5,2990,5950.099999999999
C5890,124,24,1,4.4,2669,6805.95
C3032,32,35,0,3.1,1953,2488.68
C9888,87,56,0,4.8,1883,2760.6124999999997
C3078,108,52,0,3.6,1786,2898.8153846153846
C2711,10,34,1,4.7,2712,2951.2941176470586
C1217,16,43,1,3.9,2324,2583.423255813954
C5588,143,75,1,4.2,1629,2560.788
C1928,106,70,0,3.7,1733,2520.2771428571427
C5336,88,30,0,3.2,2059,3870.9199999999996
C8989,97,75,1,4.9,1768,2453.984
C4198,40,27,1,4.9,2685,3878.3333333333335
C1458,109,75,0,3.7,1771,2543.156
C1749,35,72,1,4.5,2149,2462.395833333333
C8997,23,44,0,4.3,2758,3190.504545454545
C2485,47,78,1,4.2,1684,1988.4153846153847
C4887,146,39,0,4.3,1558,3307.753846153846
C6594,111,69,0,5.0,2691,3989.7000000000003
C4351,100,51,1,4.2,1556,2471.2941176470586
C5686,14,33,1,5.0,2482,2797.8909090909087
C3371,61,54,0,3.1,2115,2831.75
C5129,72,41,1,4.7,2431,3711.7219512195124
C5457,103,54,0,3.4,2348,3691.5777777777776
C4986,59,54,0,3.3,1588,2108.511111111111
C3521,112,41,0,3.3,1802,3278.7609756097563
C8296,28,68,0,3.5,2432,2732.423529411765
C8642,15,67,1,3.0,1564,1669.0447761194032
C1347,38,74,0,3.5,1565,1806.0945945945946
C6794,81,51,1,4.6,2589,3822.582352941177
C5033,59,74,1,4.2,2977,3689.0662162162157
C1815,150,28,1,3.9,1567,4085.3928571428564
C2156,43,36,1,4.1,1753,2381.1583333333333
C2027,116,74,1,3.2,2391,3515.4162162162165
C6494,20,38,1,4.0,1812,2098.105263157895
C2433,87,51,1,3.6,2808,4245.035294117647
C4963,84,48,1,4.3,2696,4111.4
C6598,39,73,1,3.0,2875,3335.787671232877
C7378,87,74,0,3.7,2151,2909.663513513514
C1228,106,75,1,4.8,2666,3796.384
C8299,20,43,0,4.2,2662,3033.4418604651164
C2176,95,22,1,4.4,2435,5589.431818181818
C3126,68,28,0,3.8,2629,4544.414285714286
C9806,94,41,0,3.2,1736,2930.029268292683
C4077,128,41,0,3.7,2200,4260.487804878048
C4104,141,32,1,4.9,2424,5628.224999999999
C7685,93,72,1,3.1,2424,3363.2999999999997
C2131,148,47,1,4.4,2577,5011.442553191489
C7214,82,35,1,3.1,2887,4916.148571428572
C9173,97,30,0,4.0,2978,5866.66
C6901,149,39,0,3.7,2603,5586.4384615384615
C9160,148,80,1,3.5,2527,3929.4850000000006
C9113,37,32,1,4.2,1844,2483.6375000000003
C1461,63,66,1,4.3,2264,2912.327272727273
C9739,58,20,1,4.9,2015,3768.05
C2211,32,60,1,4.9,2814,3264.24
C6869,132,57,1,4.2,2680,4541.894736842105
C8978,83,40,0,3.8,1558,2527.855
C4987,146,24,1,3.5,2745,7754.624999999999
C4598,18,43,1,3.7,1772,1994.5302325581395
C1268,64,70,0,3.2,2146,2734.617142857143
C4663,113,58,1,4.7,2187,3465.2637931034487
C2009,130,27,0,4.3,1872,4576.0
C8194,138,57,1,4.6,2435,4203.578947368421
C9601,113,74,0,3.4,1520,2216.324324324324
C9736,24,69,0,3.4,1603,1770.2695652173913
C2093,105,24,1,3.7,2693,6227.5625
C9152,27,59,0,4.2,2346,2668.077966101695
C9502,40,49,0,3.4,2678,3333.8367346938776
C8629,24,76,0,4.9,2583,2827.705263157895
C4975,27,52,0,4.5,1611,1861.9442307692307
C1336,38,56,1,4.5,2740,3297.785714285714
C7353,91,48,1,4.5,2348,3683.425
C6254,22,33,0,3.1,2366,2839.2
C2188,92,52,1,4.9,2036,3116.6461538461535
C5438,132,37,1,4.2,2844,5887.848648648648
C9151,69,20,1,5.0,2064,4200.240000000001
C4617,133,24,0,4.1,2945,7841.0625
C9974,99,65,1,4.4,1819,2650.143076923077
C7066,18,33,0,4.7,2380,2769.4545454545455
C8237,11,26,0,4.0,1648,1857.1692307692308
C9551,143,78,1,4.9,2875,4456.249999999999
C5631,13,38,0,4.0,2287,2521.7184210526316
C9090,45,39,1,3.4,1843,2480.961538461538
C7449,91,66,1,3.6,1723,2435.6954545454546
C6828,109,62,0,4.5,1584,2419.432258064516
C7688,39,59,0,3.9,1735,2079.0593220338983
C3380,29,45,0,3.3,1506,1797.16
C1029,145,70,1,3.5,2648,4293.542857142857
C9374,16,56,1,3.6,2093,2272.3999999999996
C5788,63,75,1,4.6,2139,2678.028
C3095,43,26,0,3.0,2311,3457.6115384615387
C7167,32,57,0,3.4,1765,2062.263157894737
C7720,66,48,0,4.7,2314,3268.525
C3705,41,44,0,4.0,1947,2491.275
C2188,106,52,1,4.5,1510,2433.423076923077
C5977,76,25,0,4.1,1829,3497.048
C3598,55,24,0,4.9,1858,3135.375
C1440,24,25,0,4.8,2660,3426.08
C4081,69,34,1,4.1,1885,3032.6323529411766
C2167,12,53,0,4.6,2377,2538.456603773585
C6244,105,46,0,4.7,2377,4004.728260869565
C2951,10,33,0,4.3,2467,2691.272727272727
C8254,118,34,0,3.5,1823,3721.064705882353
C1584,129,36,1,4.4,1977,4102.275000000001
C1333,69,33,0,4.2,2184,3553.9636363636364
C2545,113,77,0,3.1,1925,2772.5
C9330,41,66,1,4.9,1874,2223.2454545454543
C2543,102,35,0,4.6,2462,4614.4914285714285
C3238,122,51,0,4.1,2314,3974.6352941176474
C4151,137,46,1,3.3,2324,4400.44347826087
C1263,109,45,0,4.1,1548,2672.8799999999997
C3010,96,42,1,4.2,2720,4585.142857142857
C8807,17,54,0,4.3,1952,2136.355555555556
C4670,116,63,0,4.6,2944,4570.2095238095235
C9627,113,51,1,5.0,2273,3783.876470588235
C7010,132,77,0,3.6,2122,3213.3142857142857
C8423,133,68,1,3.4,2741,4349.322058823529
C6290,16,36,1,4.6,2894,3279.866666666667
C8656,23,62,0,3.2,2854,3171.622580645161
C4088,54,36,1,4.0,1542,2235.9
C3238,115,79,1,4.1,2653,3811.588607594937
C4895,55,69,0,3.6,2459,3047.0217391304345
C2856,16,66,0,4.9,1929,2069.2909090909093
C6660,38,68,0,4.6,2524,2947.1411764705886
C6928,47,36,1,4.4,2311,3216.1416666666664
C8902,64,30,1,3.9,2544,4172.160000000001
C2293,17,42,0,3.1,1847,2071.2785714285715
C2976,84,62,0,4.7,2318,3260.1548387096777
C5240,139,56,1,4.4,2470,4309.267857142857
C4133,28,67,1,4.0,2821,3174.6776119402984
C5196,32,45,1,3.1,2962,3593.8933333333334
C6736,41,30,1,3.9,2617,3689.97
C8107,107,55,0,3.2,1699,2690.5981818181817
C8393,41,79,1,5.0,2480,2866.126582278481
C7240,105,67,1,4.0,2295,3373.9925373134324
C6099,148,49,0,4.3,1969,3753.155102040816
C8414,101,27,0,4.8,1698,3603.5333333333333
C3767,42,32,0,4.7,2114,2946.3875000000003
C4642,12,57,0,4.3,1824,1939.2
C1988,49,51,1,4.9,2522,3248.9294117647055
C8499,61,74,1,4.3,2322,2896.2243243243242
C5041,47,39,0,3.5,2596,3534.5538461538463
C2187,100,56,1,3.2,1928,2960.8571428571427
C3939,11,52,0,3.7,2289,2434.2634615384613
C4103,146,74,0,3.6,2646,4212.145945945946
C9141,108,40,0,3.7,2853,5163.93
C8932,52,32,1,4.0,1566,2329.425
C6485,50,64,1,4.8,1972,2434.1875
C9018,66,78,1,3.1,2354,2951.5538461538463
C9320,48,32,1,3.4,2573,3730.85
C5455,78,43,0,4.9,2223,3432.7255813953484
C6390,131,65,0,3.7,2932,4704.732307692308
C5191,104,68,0,4.5,1818,2652.141176470588
C4992,144,58,0,5.0,2432,4243.420689655173
C4940,130,69,0,3.2,2265,3545.2173913043475
C3729,25,73,0,4.2,1875,2067.6369863013697
C3426,130,41,1,4.6,1858,3625.3658536585367
C4433,129,45,1,4.8,2860,5319.599999999999
C9909,121,58,1,3.3,2682,4360.562068965517
C3990,132,80,0,4.5,1532,2290.3399999999997
C4659,10,61,1,4.0,2194,2301.9016393442625
C8241,147,47,1,4.7,2872,5566.791489361703
C7253,43,74,1,4.0,1899,2230.0418918918917
C3028,119,46,0,4.6,1588,2820.4260869565214
C7866,96,74,1,3.6,2014,2797.8270270270273
C3044,23,28,0,3.2,2090,2605.035714285714
C9539,125,54,1,4.1,2221,3763.361111111111
C5912,104,77,0,4.6,1552,2180.8623376623377
C9042,113,23,0,4.9,2459,6083.352173913043
C2903,107,69,0,4.2,2226,3261.573913043478
C7813,27,76,0,3.6,2197,2431.153947368421
C6291,85,41,0,3.8,1838,2981.146341463415
C4696,39,76,1,4.6,2575,2971.4144736842104
C1434,62,75,1,4.9,1941,2422.368
C7561,121,50,0,4.5,1907,3291.482
C2371,73,20,1,4.0,2777,5817.815
C7847,64,21,0,4.0,1852,3545.2571428571428
C5856,133,38,0,3.8,2412,4944.599999999999
C3964,113,33,0,3.2,2222,4504.6
C3264,93,26,1,3.7,1945,4032.134615384615
C7369,56,80,0,4.9,2090,2528.9
C1739,143,20,0,4.6,2101,6607.645
C5667,32,49,1,4.7,2081,2488.7061224489794
C3318,117,23,1,4.5,2820,7123.565217391305
C1206,120,49,0,3.9,1762,3056.530612244898
C3596,132,29,1,4.3,2946,6968.813793103449
C2411,12,59,0,4.6,1839,1951.2101694915252
C8636,12,45,1,4.8,2121,2290.6800000000003
C9503,25,38,0,4.8,1976,2366.0
C7538,71,36,0,4.4,1673,2662.8583333333336
C2071,63,31,1,4.6,1595,2567.435483870968
C4906,56,23,0,4.7,1527,2642.3739130434783
C2522,140,30,0,3.8,2048,4915.200000000001
C6669,147,44,0,3.8,1838,3680.1772727272723
C9124,50,40,0,5.0,1772,2436.5
C6401,15,54,1,3.7,1920,2080.0
C5662,35,67,1,3.1,1865,2157.276119402985
C1173,116,70,1,4.1,1877,2810.137142857143
